{
    "stat": {
        "ru_self_end": {
            "ru_nvcsw": 588,
            "ru_utime_sec": 0.81046200000000002,
            "ru_stime_sec": 0.067954000000000001,
            "ru_maxrss_kb": 90312,
            "ru_nivcsw": 361,
            "ru_minflt": 35365,
            "ru_majflt": 0
        },
        "ru_childs_end": {
            "ru_nvcsw": 27,
            "ru_utime_sec": 0.0075709999999999996,
            "ru_stime_sec": 0.020931999999999999,
            "ru_maxrss_kb": 24872,
            "ru_nivcsw": 19,
            "ru_minflt": 4938,
            "ru_majflt": 0
        },
        "peak_mem_kb": 280412
    },
    "ObjArchives": [
        {
            "archive": "archive.2/_1823_archive_1.a",
            "objects": [
                [
                    "Mk7In_d.o",
                    217755
                ],
                [
                    "Pj51K_d.o",
                    194026
                ],
                [
                    "NTNU2_d.o",
                    384415
                ],
                [
                    "amcQwB.o",
                    159516
                ]
            ],
            "size": 955712
        }
    ],
    "Modules": {
        "mt48lc8m8a2": {
            "start_perf": [
                1.2760329246520996,
                0.55191400000000002,
                0.056194000000000001,
                274140,
                274144,
                1542745847.075012
            ],
            "nQuads": 3946,
            "Compiled Times": 1,
            "Compiled": "Yes",
            "end_perf": [
                1.3613510131835938,
                0.62557799999999997,
                0.057235000000000001,
                275932,
                275956
            ],
            "nMops": 14571
        },
        "...MASTER...": {
            "start_perf": [
                1.0405850410461426,
                0.40763300000000002,
                0.046184999999999997,
                267888,
                269584,
                1542745846.8395641
            ],
            "end_perf": [
                1.090364933013916,
                0.41195100000000001,
                0.047454999999999997,
                268856,
                269584
            ],
            "nQuads": 4,
            "nMops": 7
        },
        "clk": {
            "start_perf": [
                1.1308629512786865,
                0.42785400000000001,
                0.051487999999999999,
                268880,
                269584,
                1542745846.929842
            ],
            "nQuads": 60,
            "Compiled Times": 3,
            "Compiled": "Yes",
            "end_perf": [
                1.134026050567627,
                0.42824000000000001,
                0.052395999999999998,
                268880,
                269584
            ],
            "nMops": 75
        },
        "test": {
            "start_perf": [
                1.1087019443511963,
                0.41998799999999997,
                0.051487999999999999,
                268880,
                269584,
                1542745846.907681
            ],
            "nQuads": 781,
            "Compiled Times": 3,
            "Compiled": "Yes",
            "end_perf": [
                1.1296930313110352,
                0.42668400000000001,
                0.051487999999999999,
                268880,
                269584
            ],
            "nMops": 3022
        },
        "_vcs_unit__1992648205": {
            "start_perf": [
                1.0904529094696045,
                0.41202499999999997,
                0.047462999999999998,
                268856,
                269584,
                1542745846.889432
            ],
            "nQuads": 871,
            "Compiled Times": 3,
            "Compiled": "Yes",
            "end_perf": [
                1.1064260005950928,
                0.41773900000000003,
                0.051459999999999999,
                268880,
                269584
            ],
            "nMops": 3747
        },
        "sdrc_bank_fsm": {
            "start_perf": [
                1.5437829494476318,
                0.80140599999999995,
                0.061183000000000001,
                269788,
                280412,
                1542745847.342762
            ],
            "nQuads": 1623,
            "Compiled Times": 3,
            "Compiled": "Yes",
            "end_perf": [
                1.5531730651855469,
                0.80930199999999997,
                0.062099000000000001,
                269788,
                280412
            ],
            "nMops": 3602
        },
        "std": {
            "start_perf": [
                1.1064670085906982,
                0.41777700000000001,
                0.051464999999999997,
                268880,
                269584,
                1542745846.9054461
            ],
            "nQuads": 218,
            "Compiled Times": 3,
            "Compiled": "Yes",
            "end_perf": [
                1.1086699962615967,
                0.41995900000000003,
                0.051485000000000003,
                268880,
                269584
            ],
            "nMops": 528
        },
        "intf": {
            "start_perf": [
                1.1297428607940674,
                0.426734,
                0.051487999999999999,
                268880,
                269584,
                1542745846.9287219
            ],
            "nQuads": 30,
            "Compiled Times": 3,
            "Compiled": "Yes",
            "end_perf": [
                1.130828857421875,
                0.42781999999999998,
                0.051487999999999999,
                268880,
                269584
            ],
            "nMops": 87
        },
        "tbench_top": {
            "start_perf": [
                1.134058952331543,
                0.42826900000000001,
                0.052400000000000002,
                268880,
                269584,
                1542745846.933038
            ],
            "nQuads": 4335,
            "Compiled Times": 3,
            "Compiled": "Yes",
            "end_perf": [
                1.2351489067077637,
                0.51201799999999997,
                0.055217000000000002,
                274140,
                274140
            ],
            "nMops": 16307
        },
        "IS42VM16400K": {
            "start_perf": [
                1.2351958751678467,
                0.51205999999999996,
                0.055222,
                274140,
                274140,
                1542745847.0341749
            ],
            "nQuads": 5661,
            "Compiled Times": 3,
            "Compiled": "Yes",
            "end_perf": [
                1.2759840488433838,
                0.55186900000000005,
                0.056189999999999997,
                274140,
                274144
            ],
            "nMops": 17865
        },
        "sdrc_top": {
            "start_perf": [
                1.3613989353179932,
                0.62562200000000001,
                0.057238999999999998,
                275932,
                275956,
                1542745847.160378
            ],
            "nQuads": 11070,
            "Compiled Times": 3,
            "Compiled": "Yes",
            "end_perf": [
                1.543726921081543,
                0.80135400000000001,
                0.061178999999999997,
                269788,
                280412
            ],
            "nMops": 30279
        }
    },
    "CompUnits": {
        "amcQw_d": {
            "bytes": 8754,
            "mod": "...MASTER...",
            "out": "objs/amcQw_d.o",
            "mode": 4,
            "checksum": 0
        },
        "Mk7In_d": {
            "bytes": 217755,
            "mod": "tbench_top",
            "out": "Mk7In_d.o",
            "archive": "archive.2/_1823_archive_1.a",
            "mode": 4,
            "checksum": 0
        },